1,daDdsadaddsdasAa@gmail.com,daDdsadaddsdasAa@gmail.com,null1,$2y$10$fBVEWTiZuGRoRq6yU1zehuT8DgGoKWLVeXmeLYOPhk0bPkJSQZ5LK,0,"'Saturday 30th of November 2024 11:10:32 AM",true
1,daDdsadaddsdasAa@gmail.com,daDdsadaddsdasAa@gmail.com,null1,$2y$10$fBVEWTiZuGRoRq6yU1zehuT8DgGoKWLVeXmeLYOPhk0bPkJSQZ5LK,0,"'Saturday 30th of November 2024 11:10:32 AM",true
3,deawd@gmail.cpom,deawd@gmail.cpom,null3,$2y$10$k26SkWVhVyD0xrsQ/FBKluFNA90IMu95zKgYa8s4Xmq7LlQIhUzYS,1,"'Saturday 30th of November 2024 11:24:48 AM",true
4,superadsdaVasya@gmail.com,superadsdaVasya@gmail.com,null4,$2y$10$uQHnKJj3T.z9yqAIWEuhAOjrTMHArOBHGM89GR1tQJ0R5N6rm/UGi,0,"'Saturday 30th of November 2024 11:50:00 AM",true
5,superVdasya@gmail.comd,superVdasya@gmail.comd,null5,$2y$10$TqiR6eip4596h6LUyRhi7eSQJsg6GeL4ShbncPQ8ylBr7wOZXU3FK,0,"Sunday 1st of December 2024 01:56:53 PM",true
6,superdadadadaVdasya@gmail.comd,superdadadadaVdasya@gmail.comd,null6,$2y$10$tTTqsjeFP8HvGYHLg3JnjuEGK/HHB3PqnRGlWnQvulWbyjoc.CB16,0,"Sunday 1st of December 2024 02:05:04 PM",true
7,sup1234erdadadadaVdasya@gmail.comd,sup1234erdadadadaVdasya@gmail.comd,null7,$2y$10$OGarGYQnM2F7/lVFNl6GWOfKqj0Xt7igK/YSNB5MvpMdUR4jauzKe,0,"Sunday 1st of December 2024 02:07:25 PM",true
8,sup1234erdad12312312312312adadaVdasya@gmail.comd,sup1234erdad12312312312312adadaVdasya@gmail.comd,null8,$2y$10$zSG9CnoEHSY2XlRZokO10O72VcSo5IOkw9PoE.hhHo5B4FJ0QipyK,0,"Sunday 1st of December 2024 02:07:40 PM",true
8,sup1234erdad12312312312312adadaVdasya@gmail.comd,sup1234erdad12312312312312adadaVdasya@gmail.comd,null8,$2y$10$zSG9CnoEHSY2XlRZokO10O72VcSo5IOkw9PoE.hhHo5B4FJ0QipyK,0,"Sunday 1st of December 2024 02:07:40 PM",true
10,superVasya@gmail.com,null10,+380962912831,$2y$10$i4JHmjhzLKwPSQK28UtBOerYc5kmeO7fqfrOGARIzrBBUGzWkxDym,0,"'Sunday 1st of December 2024 02:37:47 PM",null
11,superVasya@gmail.com,null11,+380922912831,$2y$10$dHnO2x.dW48ZLYZRi8TpzeDvtej0J.EUIu0NsrhK/cMk5OFrlziq2,0,"'Sunday 1st of December 2024 02:38:06 PM",null
12,superVasya@gmail.com,superVasya@gmail.com,null12,$2y$10$ezEMOqMFIL5BMlfr8fbtKOQtJl7cIdoITuDre2tW3jQuRKppOKdS.,0,"Monday 2nd of December 2024 10:06:15 AM",true
13,superVasya@gmail.com,null13,+3809629142831,$2y$10$jFiEs.r3ZyiWtmj7CXgymukos2XemODrCERJ9yoQjkdquzbZeymWO,0,"'Sunday 1st of December 2024 02:39:38 PM",null
14,superVasya@gmail.com,sup312erVasya@gmail.com,null14,$2y$10$hf/iBTnpvrKmajlUJDupVeJ4O11SiBEfsOAKkEzbI4E1kNtuVTveC,0,"'Sunday 1st of December 2024 02:39:54 PM",null
15,superVasya@gmail.com,null15,+3809632912831,$2y$10$YqIdcXV1gBeSuK5IU8IVFufQcJEIS6eXVUO7v6oEf0YHW1qgjQeHS,0,"Monday 2nd of December 2024 10:02:43 AM",true
16,kvadrato@gmail.com,kvadrato@gmail.com,null16,$2y$10$ILBGZ5fIL9ObMg4MQK/j0eqhapgoHAjxAxWcG2cLGgwRV9JwEMUoK,0,"Sunday 1st of December 2024 08:04:58 PM",true
17,test@gmail.com,test@gmail.com,null17,$2y$10$7dVc386WBakXFp3STyxGO.J3YdWGpzzMXbCM2tbedbuMht9ScDz.O,0,"Monday 2nd of December 2024 10:07:55 AM",true
18,fefefefefefe,fefefefefefe@gmail.com,null18,$2y$10$YLrqMBOPhTorNpjd25sIz.loyeb2XXsiX0JmiWvtzdJhMFr/bYt/m,0,"Monday 2nd of December 2024 10:13:31 AM",true
18,fefefefefefe,fefefefefefe@gmail.com,null18,$2y$10$YLrqMBOPhTorNpjd25sIz.loyeb2XXsiX0JmiWvtzdJhMFr/bYt/m,0,"Monday 2nd of December 2024 10:13:31 AM",true
19,account@gmail.cpom,account@gmail.cpom,+09629152345,$2y$10$v..8J4G6hwn5YwOqhObTt.Dykinx289/jKXgSAsQlnq4xr4/6oYY2,0,"Monday 2nd of December 2024 05:35:53 PM",true
20,dea123wd@gmail.cpom,dea123wd@gmail.cpom,null20,$2y$10$Z4iDVJQqRLJ6Z1VQTewHIeLzTutLgnsavZlpA3I5cQDL0GKZ/thcq,0,"Monday 2nd of December 2024 05:57:34 PM",true
