4,10,0,10,0,100,"Friday 6th of December 2024 03:15:30 PM",1
4,10,0,10,0,100,"Friday 6th of December 2024 03:15:30 PM",1
4,10,0,10,0,100,"Friday 6th of December 2024 03:15:31 PM",1
4,10,0,10,0,100,"Friday 6th of December 2024 03:15:31 PM",1
4,10,0,10,0,100,"Friday 6th of December 2024 03:15:31 PM",1
4,10,0,10,0,100,"Friday 6th of December 2024 03:15:31 PM",1
4,10,0,10,0,100,"Friday 6th of December 2024 03:15:31 PM",1
4,10,0,10,0,100,"Friday 6th of December 2024 03:15:31 PM",1
4,10,0,10,0,100,"Friday 6th of December 2024 03:15:32 PM",1
4,10,0,10,0,100,"Friday 6th of December 2024 03:15:32 PM",1
4,10,0,10,0,100,"Friday 6th of December 2024 03:15:32 PM",1
4,10,0,10,0,100,"Friday 6th of December 2024 03:15:32 PM",1
4,10,0,10,0,100,"Friday 6th of December 2024 03:15:32 PM",1
4,10,0,10,0,100,"Friday 6th of December 2024 03:15:54 PM",1
4,10,0,10,0,100,"Friday 6th of December 2024 03:15:54 PM",1
4,10,0,10,0,100,"Friday 6th of December 2024 03:15:54 PM",1
4,10,0,10,0,100,"Friday 6th of December 2024 03:15:56 PM",1
4,10,0,10,0,100,"Friday 6th of December 2024 03:15:57 PM",1
4,10,0,10,0,100,"Friday 6th of December 2024 03:15:58 PM",1
4,10,0,10,0,100,"Friday 6th of December 2024 03:15:59 PM",1
4,10,0,10,0,100,"Friday 6th of December 2024 03:16:00 PM",1
4,10,0,10,0,100,"Friday 6th of December 2024 03:16:01 PM",1
4,10,0,10,0,100,"Friday 6th of December 2024 03:16:01 PM",1
4,10,0,10,0,100,"Friday 6th of December 2024 03:16:02 PM",1
4,10,0,10,0,100,"Friday 6th of December 2024 03:16:03 PM",1
4,10,1,9,10,90,"Friday 6th of December 2024 03:17:45 PM",1
4,10,0,10,0,100,"Friday 6th of December 2024 05:17:50 PM",1
